"Date","Daily_Case","Daily_Hospitalized","Case_7days_avg","BX_Case","BX_Hospitalized","BK_Case","BK_Hospitalized","MN_Case","MN_Hospitalized","QN_Case","QN_Hospitalized","SI_Case","SI_Hospitalized","Year","Month","Day"
2020-02-29,1,1,0,0,0,0,1,1,0,0,0,0,0,2020,29,2
2020-03-01,0,1,0,0,1,0,0,0,0,0,0,0,0,2020,1,3
2020-03-02,0,2,0,0,0,0,2,0,0,0,0,0,0,2020,2,3
2020-03-03,1,7,0,0,1,0,3,0,1,1,2,0,0,2020,3,3
2020-03-04,5,2,0,0,0,1,1,2,1,2,0,0,0,2020,4,3
2020-03-05,3,14,0,0,1,3,3,0,5,0,4,0,1,2020,5,3
2020-03-06,8,8,3,2,1,1,1,3,3,1,2,1,1,2020,6,3
2020-03-07,7,8,3,0,1,2,3,1,0,3,4,1,0,2020,7,3
2020-03-08,21,18,6,3,5,5,8,6,1,6,4,1,0,2020,8,3
2020-03-09,57,37,15,4,7,16,11,24,10,10,8,3,2,2020,9,3
2020-03-10,69,60,24,8,7,11,13,24,12,24,23,2,5,2020,10,3
2020-03-11,155,79,46,19,23,31,12,62,19,40,23,3,2,2020,11,3
2020-03-12,355,106,96,29,19,96,33,137,16,80,36,13,3,2020,12,3
2020-03-13,619,151,183,79,26,166,44,182,31,166,49,26,2,2020,13,3
2020-03-14,642,176,274,86,22,163,40,176,36,194,72,23,7,2020,14,3
2020-03-15,1035,210,419,119,37,432,52,206,34,231,67,47,20,2020,15,3
2020-03-16,2121,341,714,305,73,740,93,457,47,528,114,91,15,2020,16,3
2020-03-17,2452,387,1054,343,61,783,100,567,77,651,129,108,23,2020,17,3
2020-03-18,2971,493,1456,482,110,965,123,538,87,835,153,150,23,2020,18,3
2020-03-19,3706,633,1935,623,135,1204,160,555,106,1065,208,258,26,2020,19,3
2020-03-20,4006,738,2419,723,126,1136,223,653,114,1184,248,310,33,2020,20,3
2020-03-21,2639,739,2704,491,162,554,185,399,118,947,244,248,33,2020,21,3
2020-03-22,2580,774,2925,495,174,755,207,317,132,696,232,317,34,2020,22,3
2020-03-23,3570,1139,3132,729,219,910,297,530,188,1192,393,209,43,2020,23,3
2020-03-24,4497,1301,3424,926,271,1212,363,619,206,1390,422,350,48,2020,24,3
2020-03-25,4875,1424,3696,1068,313,1255,425,586,200,1572,451,394,53,2020,25,3
2020-03-26,5044,1533,3887,998,320,1372,490,626,226,1644,452,404,56,2020,26,3
2020-03-27,5119,1572,4046,1090,316,1426,474,656,223,1576,514,371,65,2020,27,3
2020-03-28,3479,1380,4166,761,315,863,396,388,187,1201,451,266,50,2020,28,3
2020-03-29,3560,1505,4306,699,324,1149,465,407,162,1075,505,230,64,2020,29,3
2020-03-30,6129,1851,4672,1314,352,1754,558,804,277,1858,611,398,72,2020,30,3
2020-03-31,5458,1784,4809,1282,390,1512,544,616,224,1811,594,237,69,2020,31,3
2020-04-01,5449,1740,4891,1240,379,1590,516,573,218,1782,579,264,83,2020,1,4
2020-04-02,5746,1664,4991,1289,357,1610,447,652,242,1826,573,369,74,2020,2,4
2020-04-03,5670,1704,5070,1452,386,1440,450,671,258,1762,560,345,69,2020,3,4
2020-04-04,3866,1443,5125,1012,312,920,380,385,200,1203,522,345,54,2020,4,4
2020-04-05,3780,1399,5157,822,314,1143,404,356,192,1135,441,323,72,2020,5,4
2020-04-06,6353,1744,5189,1514,391,1461,475,721,266,1927,552,730,83,2020,6,4
2020-04-07,6044,1583,5273,1463,335,1397,469,605,194,1949,538,630,69,2020,7,4
2020-04-08,5575,1543,5291,1305,361,1305,456,546,172,1857,519,562,63,2020,8,4
2020-04-09,5070,1341,5194,1285,272,1369,420,558,191,1560,428,298,53,2020,9,4
2020-04-10,4510,1287,5028,1227,297,1144,330,495,179,1343,439,301,62,2020,10,4
2020-04-11,3732,1041,5009,998,249,1131,300,304,132,987,330,311,47,2020,11,4
2020-04-12,2888,949,4882,764,231,703,255,252,130,916,299,253,45,2020,12,4
2020-04-13,3311,1148,4447,692,263,1066,328,394,171,974,342,185,58,2020,13,4
2020-04-14,4144,979,4176,1076,203,1038,267,440,141,1300,337,290,46,2020,14,4
2020-04-15,3876,864,3933,1068,202,882,250,429,131,1180,263,317,32,2020,15,4
2020-04-16,3530,781,3713,940,175,884,230,356,105,1139,238,211,42,2020,16,4
2020-04-17,3586,787,3581,916,170,962,236,330,106,1099,255,279,32,2020,17,4
2020-04-18,2172,583,3358,552,136,575,158,187,85,705,185,153,29,2020,18,4
2020-04-19,2343,534,3280,532,142,635,124,176,70,866,175,134,28,2020,19,4
2020-04-20,3792,629,3349,981,142,983,189,381,96,1223,190,224,32,2020,20,4
2020-04-21,3062,585,3194,641,143,896,162,372,91,937,174,216,24,2020,21,4
2020-04-22,3446,512,3133,927,120,854,140,382,91,1109,154,173,17,2020,22,4
2020-04-23,2841,443,3035,735,111,786,127,400,56,793,137,127,22,2020,23,4
2020-04-24,2535,461,2884,579,99,630,128,408,80,775,138,143,29,2020,24,4
2020-04-25,1595,322,2802,418,80,404,94,145,42,540,92,88,23,2020,25,4
2020-04-26,1003,312,2611,196,75,332,76,98,44,331,101,46,17,2020,26,4
2020-04-27,2290,369,2396,551,92,607,93,302,62,723,107,107,20,2020,27,4
2020-04-28,2726,349,2348,668,88,709,92,323,57,896,106,130,15,2020,28,4
2020-04-29,2340,309,2190,557,79,683,94,285,44,691,87,124,13,2020,29,4
2020-04-30,2022,252,2073,482,60,600,74,217,31,593,79,130,12,2020,30,4
2020-05-01,1887,262,1980,450,73,497,66,240,33,622,82,78,13,2020,1,5
2020-05-02,1058,204,1904,263,52,263,53,138,23,333,65,61,18,2020,2,5
2020-05-03,787,215,1873,153,44,245,58,103,33,251,70,35,13,2020,3,5
2020-05-04,1550,238,1767,349,58,461,73,214,38,437,60,89,14,2020,4,5
2020-05-05,1512,212,1594,294,64,433,66,242,26,462,49,81,11,2020,5,5
2020-05-06,1397,212,1459,279,56,450,62,165,28,443,55,60,15,2020,6,5
2020-05-07,1238,175,1347,298,43,403,53,119,18,358,51,60,13,2020,7,5
2020-05-08,1079,169,1232,250,42,344,53,99,20,344,44,42,11,2020,8,5
2020-05-09,657,122,1174,175,31,119,39,75,12,256,34,32,9,2020,9,5
2020-05-10,457,104,1127,75,24,188,36,95,22,85,18,14,5,2020,10,5
2020-05-11,1232,180,1082,227,46,410,50,192,23,376,58,27,4,2020,11,5
2020-05-12,1285,111,1049,355,26,400,38,163,13,314,27,53,10,2020,12,5
2020-05-13,1333,128,1040,461,27,362,47,156,18,307,27,47,12,2020,13,5
2020-05-14,1110,142,1022,255,26,332,39,149,23,332,44,42,11,2020,14,5
2020-05-15,873,126,992,181,25,259,43,135,23,265,32,33,7,2020,15,5
2020-05-16,485,91,968,108,17,165,30,51,11,136,31,25,3,2020,16,5
2020-05-17,360,81,954,56,23,138,18,50,7,106,28,10,5,2020,17,5
2020-05-18,895,113,906,187,21,266,28,129,25,275,35,38,6,2020,18,5
2020-05-19,1004,115,866,182,28,327,38,166,19,287,26,42,6,2020,19,5
2020-05-20,1077,79,829,278,17,323,32,164,11,256,16,56,5,2020,20,5
2020-05-21,1069,84,823,199,20,336,32,145,9,311,19,78,5,2020,21,5
2020-05-22,1036,101,847,264,25,350,34,153,14,237,26,32,4,2020,22,5
2020-05-23,455,75,842,90,18,143,24,47,9,138,21,37,4,2020,23,5
2020-05-24,467,87,858,101,19,161,22,69,21,121,20,15,5,2020,24,5
2020-05-25,464,79,796,103,26,160,20,70,11,115,20,16,3,2020,25,5
2020-05-26,1050,75,803,283,22,313,21,127,9,269,21,58,4,2020,26,5
2020-05-27,741,76,755,184,18,242,19,107,11,165,24,43,4,2020,27,5
2020-05-28,646,79,694,119,14,219,26,97,11,181,21,30,7,2020,28,5
2020-05-29,639,85,637,164,20,162,23,74,11,212,28,27,3,2020,29,5
2020-05-30,346,54,622,82,14,101,18,38,6,110,14,15,2,2020,30,5
2020-05-31,230,60,588,30,13,84,17,25,9,79,21,12,0,2020,31,5
2020-06-01,686,82,620,158,17,250,34,77,13,158,15,43,3,2020,1,6
2020-06-02,570,63,551,123,12,178,23,72,10,163,14,34,6,2020,2,6
2020-06-03,515,74,519,116,16,131,28,75,8,148,20,45,3,2020,3,6
2020-06-04,518,75,501,127,14,128,28,86,11,148,21,29,2,2020,4,6
2020-06-05,402,55,467,108,9,131,18,52,9,103,18,8,1,2020,5,6
2020-06-06,247,37,453,50,10,58,10,33,6,99,14,7,2,2020,6,6
2020-06-07,197,54,448,43,13,52,18,24,9,74,10,4,4,2020,7,6
2020-06-08,447,62,414,96,9,111,20,75,9,146,22,19,2,2020,8,6
2020-06-09,419,65,392,84,14,119,23,66,11,131,13,19,4,2020,9,6
2020-06-10,363,63,370,75,14,99,17,67,14,108,17,14,3,2020,10,6
2020-06-11,363,50,348,66,11,113,15,54,8,114,15,16,1,2020,11,6
2020-06-12,409,52,349,80,13,122,21,58,5,131,10,18,3,2020,12,6
2020-06-13,196,35,342,47,4,50,11,23,5,74,14,2,1,2020,13,6
2020-06-14,180,46,340,27,12,53,14,28,5,68,16,4,0,2020,14,6
2020-06-15,380,53,330,81,15,103,22,55,5,123,11,18,0,2020,15,6
2020-06-16,419,61,330,80,12,132,23,67,6,120,19,20,1,2020,16,6
2020-06-17,356,50,329,68,11,115,15,65,7,92,17,16,0,2020,17,6
2020-06-18,378,57,331,60,9,112,16,58,6,123,25,25,1,2020,18,6
2020-06-19,361,45,324,82,11,91,23,56,2,123,8,9,1,2020,19,6
2020-06-20,203,26,325,53,5,46,10,44,3,54,8,6,0,2020,20,6
2020-06-21,172,43,324,25,6,55,16,25,7,58,13,9,2,2020,21,6
2020-06-22,402,50,327,92,12,110,18,63,8,119,10,18,2,2020,22,6
2020-06-23,381,44,322,73,7,95,17,76,5,121,13,16,2,2020,23,6
2020-06-24,381,53,325,90,8,101,19,73,7,103,15,14,4,2020,24,6
2020-06-25,298,42,314,65,13,81,10,46,5,78,12,28,3,2020,25,6
2020-06-26,317,33,308,66,8,95,14,63,4,77,5,16,2,2020,26,6
2020-06-27,206,42,308,26,10,70,20,37,6,60,6,13,1,2020,27,6
2020-06-28,201,32,312,35,6,57,11,41,3,57,12,11,0,2020,28,6
2020-06-29,437,48,317,75,7,127,21,80,4,132,14,23,2,2020,29,6
2020-06-30,441,44,326,77,9,127,17,94,8,114,10,29,2,2020,30,6
2020-07-01,395,38,328,59,8,121,12,83,7,93,12,39,0,2020,1,7
2020-07-02,416,46,345,75,10,127,14,79,8,118,14,17,0,2020,2,7
2020-07-03,234,30,333,41,4,72,14,48,7,65,4,8,1,2020,3,7
2020-07-04,120,30,321,21,4,23,8,32,8,32,9,12,1,2020,4,7
2020-07-05,155,28,314,20,6,53,5,32,6,38,12,12,0,2020,5,7
2020-07-06,431,54,313,68,8,142,18,76,7,117,19,28,2,2020,6,7
2020-07-07,461,47,316,112,20,123,6,88,8,106,12,32,1,2020,7,7
2020-07-08,437,34,322,83,8,121,12,120,8,88,4,25,2,2020,8,7
2020-07-09,391,46,318,91,17,104,11,84,6,94,11,18,1,2020,9,7
2020-07-10,306,44,329,65,9,90,17,47,1,91,15,13,3,2020,10,7
2020-07-11,259,34,349,40,6,73,14,47,5,86,9,13,0,2020,11,7
2020-07-12,223,26,358,44,7,55,10,42,3,69,6,13,0,2020,12,7
2020-07-13,483,49,366,108,11,123,15,79,7,138,11,35,5,2020,13,7
2020-07-14,402,43,357,70,11,111,9,81,8,121,15,19,0,2020,14,7
2020-07-15,440,44,358,107,9,150,21,70,3,91,10,22,2,2020,15,7
2020-07-16,411,35,361,94,13,90,8,83,4,109,7,35,3,2020,16,7
2020-07-17,413,49,376,75,7,105,14,104,11,106,17,23,1,2020,17,7
2020-07-18,216,27,370,54,6,58,6,36,5,49,9,19,1,2020,18,7
2020-07-19,176,38,363,39,7,41,11,33,2,46,16,17,2,2020,19,7
2020-07-20,401,38,351,95,12,85,11,80,5,109,7,32,3,2020,20,7
2020-07-21,340,25,342,71,5,79,9,69,2,100,7,21,2,2020,21,7
2020-07-22,329,40,327,79,8,96,14,58,5,76,11,20,2,2020,22,7
2020-07-23,308,32,312,69,4,84,7,65,10,63,7,27,5,2020,23,7
2020-07-24,298,40,295,73,12,68,12,54,4,75,11,28,1,2020,24,7
2020-07-25,153,36,286,25,9,35,12,34,3,46,8,13,4,2020,25,7
2020-07-26,140,25,281,30,6,40,6,18,6,33,5,19,2,2020,26,7
2020-07-27,312,38,269,58,12,78,11,71,5,79,10,26,1,2020,27,7
2020-07-28,313,37,265,58,7,106,18,58,2,73,7,18,4,2020,28,7
2020-07-29,287,30,259,80,5,73,12,54,6,67,5,13,2,2020,29,7
2020-07-30,274,36,254,58,6,99,15,44,3,61,11,12,2,2020,30,7
2020-07-31,262,34,249,55,8,80,9,51,9,58,6,18,3,2020,31,7
2020-08-01,189,27,254,37,5,58,15,33,5,54,1,7,2,2020,1,8
2020-08-02,135,33,253,30,5,38,9,26,3,33,12,8,4,2020,2,8
2020-08-03,348,38,258,96,13,93,12,56,6,84,8,19,1,2020,3,8
2020-08-04,187,32,240,47,11,49,12,38,2,46,6,7,1,2020,4,8
2020-08-05,298,39,242,66,9,90,14,47,3,80,13,15,0,2020,5,8
2020-08-06,288,34,244,65,8,86,12,53,4,66,7,18,3,2020,6,8
2020-08-07,255,23,243,53,7,90,9,49,4,57,3,6,0,2020,7,8
2020-08-08,160,20,239,30,7,57,8,23,0,43,5,7,1,2020,8,8
2020-08-09,133,27,238,19,8,48,9,18,3,36,6,12,1,2020,9,8
2020-08-10,312,41,233,89,10,75,14,49,6,77,9,22,2,2020,10,8
2020-08-11,263,25,244,70,10,82,9,42,0,51,2,18,4,2020,11,8
2020-08-12,320,30,247,59,7,114,7,43,6,86,11,18,0,2020,12,8
2020-08-13,276,38,246,61,9,86,13,50,7,67,10,12,0,2020,13,8
2020-08-14,277,38,249,68,6,80,11,44,5,69,14,16,2,2020,14,8
2020-08-15,151,24,247,42,7,33,7,25,3,42,5,9,2,2020,15,8
2020-08-16,140,21,248,23,10,49,5,22,0,39,5,7,1,2020,16,8
2020-08-17,333,34,251,71,9,96,6,57,4,95,15,14,0,2020,17,8
2020-08-18,283,39,254,55,14,66,9,61,2,87,12,14,2,2020,18,8
2020-08-19,257,35,245,50,5,69,14,51,8,69,7,18,1,2020,19,8
2020-08-20,227,36,238,64,14,56,8,33,4,54,10,20,1,2020,20,8
2020-08-21,252,31,235,52,9,75,9,51,4,60,9,14,0,2020,21,8
2020-08-22,136,27,233,29,6,36,6,30,7,34,7,7,1,2020,22,8
2020-08-23,150,22,234,32,3,55,7,16,2,40,11,7,0,2020,23,8
2020-08-24,297,36,229,64,14,85,9,49,6,84,5,15,2,2020,24,8
2020-08-25,283,41,229,64,10,84,14,54,7,69,9,12,1,2020,25,8
2020-08-26,313,27,237,64,5,117,14,50,2,66,5,16,2,2020,26,8
2020-08-27,274,31,244,53,8,99,9,48,2,61,10,13,2,2020,27,8
2020-08-28,280,22,248,77,4,78,9,52,1,52,7,21,1,2020,28,8
2020-08-29,128,22,246,28,7,38,9,23,2,32,4,7,1,2020,29,8
2020-08-30,186,20,252,20,2,62,5,37,3,42,6,25,4,2020,30,8
2020-08-31,315,42,254,46,9,118,14,52,6,77,12,22,1,2020,31,8
2020-09-01,294,20,256,52,5,89,9,55,1,73,5,24,1,2020,1,9
2020-09-02,271,28,250,42,4,94,14,48,1,69,10,17,0,2020,2,9
2020-09-03,273,18,250,40,2,91,7,35,1,90,7,17,1,2020,3,9
2020-09-04,230,32,242,44,10,71,8,30,2,59,10,26,2,2020,4,9
2020-09-05,156,22,246,30,5,46,10,22,2,34,5,24,0,2020,5,9
2020-09-06,207,31,249,18,4,87,15,27,3,62,8,13,1,2020,6,9
2020-09-07,217,20,235,32,3,75,7,40,2,52,6,18,2,2020,7,9
2020-09-08,393,26,250,81,8,126,8,58,3,98,6,30,1,2020,8,9
2020-09-09,353,32,261,56,6,119,11,71,3,82,11,25,1,2020,9,9
2020-09-10,323,25,268,45,2,124,9,57,4,70,7,27,3,2020,10,9
2020-09-11,313,32,280,55,9,111,9,54,6,77,7,16,2,2020,11,9
2020-09-12,202,11,287,35,2,51,3,36,1,61,4,19,1,2020,12,9
2020-09-13,263,17,295,19,2,118,8,45,1,68,5,13,1,2020,13,9
2020-09-14,462,32,330,75,4,178,15,78,6,105,5,26,2,2020,14,9
2020-09-15,414,30,333,62,11,189,6,64,4,81,8,18,1,2020,15,9
2020-09-16,457,46,348,60,7,201,24,84,4,94,10,18,1,2020,16,9
2020-09-17,441,34,365,61,11,163,13,88,4,104,5,25,2,2020,17,9
2020-09-18,292,36,362,45,10,108,15,46,5,69,7,24,0,2020,18,9
2020-09-19,217,21,364,30,3,66,6,47,4,60,7,13,1,2020,19,9
2020-09-20,221,24,358,32,8,78,9,47,3,43,3,21,1,2020,20,9
2020-09-21,559,29,372,73,8,264,13,76,0,122,6,24,2,2020,21,9
2020-09-22,497,34,383,67,7,209,12,88,2,107,13,26,0,2020,22,9
2020-09-23,613,38,406,89,5,271,24,100,2,116,7,37,0,2020,23,9
2020-09-24,542,41,420,71,7,263,15,82,6,100,11,26,3,2020,24,9
2020-09-25,463,46,445,49,8,193,20,69,6,124,11,28,1,2020,25,9
2020-09-26,280,27,454,42,5,109,8,35,3,61,9,33,2,2020,26,9
2020-09-27,382,35,477,32,5,181,19,35,2,106,8,28,3,2020,27,9
2020-09-28,437,38,459,82,7,139,12,58,3,110,14,47,2,2020,28,9
2020-09-29,723,50,491,65,7,355,18,95,9,175,13,33,3,2020,29,9
2020-09-30,605,51,490,52,2,284,33,93,8,135,9,41,0,2020,30,9
2020-10-01,705,41,514,82,7,332,22,120,5,145,6,26,1,2020,1,10
2020-10-02,605,49,534,80,5,271,26,78,4,140,13,36,2,2020,2,10
2020-10-03,300,25,537,34,1,94,12,57,4,98,5,17,3,2020,3,10
2020-10-04,335,44,530,34,4,162,22,29,4,84,11,26,4,2020,4,10
2020-10-05,766,56,577,94,10,355,25,84,2,196,17,37,2,2020,5,10
2020-10-06,571,47,555,67,5,251,23,79,8,145,11,29,1,2020,6,10
2020-10-07,542,45,546,75,9,223,22,75,5,132,10,37,0,2020,7,10
2020-10-08,525,47,521,83,8,217,20,80,7,112,8,33,4,2020,8,10
2020-10-09,524,54,509,92,6,184,29,74,4,143,13,31,3,2020,9,10
2020-10-10,314,38,511,36,3,96,18,46,5,99,7,36,5,2020,10,10
2020-10-11,281,49,503,38,12,115,20,29,5,85,11,14,1,2020,11,10
2020-10-12,515,51,467,53,3,223,29,85,7,116,13,37,0,2020,12,10
2020-10-13,588,49,470,91,9,224,18,100,2,128,16,45,5,2020,13,10
2020-10-14,583,58,476,89,4,215,23,86,6,159,20,33,5,2020,14,10
2020-10-15,605,74,487,92,13,239,33,90,5,144,20,40,3,2020,15,10
2020-10-16,503,49,484,78,9,163,19,91,5,132,12,38,4,2020,16,10
2020-10-17,366,35,492,64,7,91,9,61,4,110,9,39,6,2020,17,10
2020-10-18,412,40,510,45,5,172,17,39,4,123,11,33,3,2020,18,10
2020-10-19,626,68,526,107,10,204,26,101,11,178,18,36,4,2020,19,10
2020-10-20,601,73,528,91,9,214,33,104,9,154,20,38,4,2020,20,10
2020-10-21,653,53,538,96,10,203,19,118,4,187,12,49,8,2020,21,10
2020-10-22,759,53,560,122,9,242,14,137,10,182,16,76,4,2020,22,10
2020-10-23,601,60,574,115,9,199,24,78,6,161,18,48,3,2020,23,10
2020-10-24,386,47,577,73,8,120,24,58,5,103,6,32,4,2020,24,10
2020-10-25,362,44,570,67,8,128,23,48,3,87,7,32,3,2020,25,10
2020-10-26,695,55,580,132,9,221,13,118,7,154,22,69,5,2020,26,10
2020-10-27,742,46,600,119,8,237,25,129,4,180,6,76,3,2020,27,10
2020-10-28,783,44,618,124,8,231,16,135,4,203,14,90,3,2020,28,10
2020-10-29,621,59,599,100,11,192,22,117,9,156,12,56,5,2020,29,10
2020-10-30,654,61,606,115,12,192,18,102,6,168,20,77,6,2020,30,10
2020-10-31,403,47,609,65,7,117,18,52,5,117,13,52,5,2020,31,10
2020-11-01,501,54,628,57,8,231,19,66,10,102,11,45,8,2020,1,11
2020-11-02,953,64,665,159,14,337,22,144,8,220,18,93,3,2020,2,11
2020-11-03,903,76,688,153,11,319,29,158,13,181,18,92,5,2020,3,11
2020-11-04,1113,68,735,187,13,312,28,199,10,277,12,138,6,2020,4,11
2020-11-05,1139,85,809,198,14,312,28,212,14,306,20,111,9,2020,5,11
2020-11-06,1037,63,864,192,9,238,20,179,14,297,20,131,1,2020,6,11
2020-11-07,845,60,927,134,16,224,12,148,6,250,23,89,3,2020,7,11
2020-11-08,788,64,968,106,11,224,20,133,7,226,16,99,11,2020,8,11
2020-11-09,1546,78,1053,240,18,418,28,268,8,418,21,202,5,2020,9,11
2020-11-10,1599,87,1152,274,19,459,30,311,9,409,22,146,9,2020,10,11
2020-11-11,1541,99,1214,239,23,394,13,290,17,449,29,169,18,2020,11,11
2020-11-12,1501,79,1265,248,19,383,21,300,11,406,19,164,11,2020,12,11
2020-11-13,1494,92,1331,272,20,356,32,263,9,430,20,173,12,2020,13,11
2020-11-14,1026,101,1356,193,25,238,33,160,11,324,23,111,11,2020,14,11
2020-11-15,896,90,1372,135,14,232,26,134,13,243,28,152,12,2020,15,11
2020-11-16,1832,124,1413,314,24,496,34,332,15,503,44,187,10,2020,16,11
2020-11-17,1730,102,1431,337,21,493,30,288,13,422,31,190,8,2020,17,11
2020-11-18,1753,119,1462,307,24,468,40,336,13,445,30,197,13,2020,18,11
2020-11-19,1857,131,1513,362,22,491,37,347,15,457,38,200,20,2020,19,11
2020-11-20,1773,134,1552,328,24,435,40,328,18,458,36,224,17,2020,20,11
2020-11-21,1290,119,1590,254,18,354,27,196,14,325,41,161,20,2020,21,11
2020-11-22,1148,114,1626,183,15,340,39,159,14,287,30,178,19,2020,22,11
2020-11-23,2318,149,1696,437,34,575,39,412,16,605,39,289,25,2020,23,11
2020-11-24,2073,130,1745,376,19,553,39,371,12,535,42,238,19,2020,24,11
2020-11-25,2370,138,1833,425,25,632,42,383,12,635,42,295,20,2020,25,11
2020-11-26,817,154,1684,137,26,246,41,138,27,204,43,92,19,2020,26,11
2020-11-27,2298,158,1759,388,24,603,46,385,25,649,38,273,27,2020,27,11
2020-11-28,1835,126,1837,333,21,453,33,327,19,507,42,215,12,2020,28,11
2020-11-29,1881,166,1942,243,31,559,44,294,19,505,48,280,24,2020,29,11
2020-11-30,2893,187,2024,460,41,899,41,422,33,734,61,378,14,2020,30,11
2020-12-01,3299,203,2199,588,44,945,47,546,21,857,66,363,25,2020,1,12
2020-12-02,3129,172,2307,541,26,860,52,501,23,843,51,384,23,2020,2,12
2020-12-03,2939,216,2611,523,47,845,59,453,19,781,57,337,36,2020,3,12
2020-12-04,2816,182,2685,562,36,768,60,401,22,757,42,328,23,2020,4,12
2020-12-05,1887,177,2692,325,32,506,43,210,27,597,58,249,20,2020,5,12
2020-12-06,1756,177,2674,250,37,557,51,216,19,517,48,216,22,2020,6,12
2020-12-07,3302,221,2733,554,46,963,58,448,28,967,61,370,32,2020,7,12
2020-12-08,3059,224,2698,496,42,922,71,450,35,900,57,291,22,2020,8,12
2020-12-09,3106,276,2695,528,59,913,80,496,46,851,63,318,37,2020,9,12
2020-12-10,3149,246,2725,572,44,939,75,463,28,897,73,277,27,2020,10,12
2020-12-11,2979,248,2748,501,58,836,64,494,32,880,71,266,23,2020,11,12
2020-12-12,2206,209,2794,392,39,600,61,297,29,699,59,218,23,2020,12,12
2020-12-13,2176,225,2854,311,41,645,58,296,32,676,79,248,19,2020,13,12
2020-12-14,3578,264,2893,614,52,1109,80,500,36,1004,81,350,19,2020,14,12
2020-12-15,3681,236,2982,634,41,1065,78,551,41,1092,63,339,17,2020,15,12
2020-12-16,2787,215,2937,445,47,842,69,454,22,810,65,236,13,2020,16,12
2020-12-17,1925,229,2762,266,48,649,72,336,30,488,64,186,20,2020,17,12
2020-12-18,3427,275,2826,619,68,1024,82,521,37,928,71,335,20,2020,18,12
2020-12-19,2556,240,2876,405,47,764,69,330,32,797,74,260,19,2020,19,12
2020-12-20,2346,243,2900,292,42,768,83,295,32,698,68,293,22,2020,20,12
2020-12-21,4337,331,3008,715,65,1307,100,598,58,1288,93,429,20,2020,21,12
2020-12-22,4099,287,3068,732,54,1251,89,548,50,1204,73,364,24,2020,22,12
2020-12-23,3844,302,3219,636,49,1099,115,524,44,1186,76,399,23,2020,23,12
2020-12-24,3015,277,3375,503,49,965,98,433,37,873,81,241,13,2020,24,12
2020-12-25,1045,266,3035,154,43,344,85,153,51,298,76,96,13,2020,25,12
2020-12-26,3456,268,3163,537,44,1024,90,427,35,1074,80,393,21,2020,26,12
2020-12-27,2888,245,3241,479,35,915,91,314,32,868,69,312,19,2020,27,12
2020-12-28,5391,350,3391,1020,67,1600,107,679,55,1530,108,562,20,2020,28,12
2020-12-29,5205,323,3549,992,63,1414,88,612,57,1603,98,584,19,2020,29,12
2020-12-30,4984,316,3712,967,69,1397,97,661,41,1493,93,465,18,2020,30,12
2020-12-31,3393,284,3766,665,55,936,92,396,41,1009,81,387,20,2020,31,12
2021-01-01,1340,301,3808,206,61,416,84,164,36,432,94,122,28,2021,1,1
2021-01-02,4202,327,3915,723,56,1108,97,518,48,1342,100,509,27,2021,2,1
2021-01-03,3465,302,3997,512,54,1065,97,396,38,1092,104,400,15,2021,3,1
2021-01-04,6604,408,4170,1257,65,1895,140,917,62,1877,116,658,29,2021,4,1
2021-01-05,6154,350,4306,1165,72,1758,101,892,53,1821,103,518,24,2021,5,1
2021-01-06,5684,379,4406,1109,71,1605,113,758,44,1687,123,524,31,2021,6,1
2021-01-07,5445,361,4699,982,65,1640,112,799,35,1572,122,452,28,2021,7,1
2021-01-08,5296,356,5264,983,64,1453,115,780,34,1599,119,481,26,2021,8,1
2021-01-09,3690,329,5191,677,62,1007,94,447,35,1188,112,371,29,2021,9,1
2021-01-10,3199,309,5153,462,53,1007,88,366,48,1020,98,344,27,2021,10,1
2021-01-11,5915,404,5055,1142,88,1755,129,845,55,1702,110,469,28,2021,11,1
2021-01-12,5235,397,4923,999,91,1616,127,671,50,1534,103,415,31,2021,12,1
2021-01-13,5176,430,4851,1044,96,1534,130,695,60,1525,113,378,33,2021,13,1
2021-01-14,5259,434,4824,995,79,1557,137,750,63,1538,122,419,35,2021,14,1
2021-01-15,4845,394,4760,933,74,1400,130,665,49,1490,113,356,32,2021,15,1
2021-01-16,3479,370,4730,607,69,1074,106,443,54,1058,121,297,25,2021,16,1
2021-01-17,2921,336,4690,501,72,904,103,398,55,862,87,256,23,2021,17,1
2021-01-18,4642,446,4508,768,98,1462,146,599,55,1434,119,379,33,2021,18,1
2021-01-19,5140,389,4495,1085,73,1475,118,724,64,1519,115,337,24,2021,19,1
2021-01-20,4908,376,4456,1038,85,1352,109,727,51,1439,116,352,18,2021,20,1
2021-01-21,4938,419,4410,960,89,1405,122,722,64,1501,121,350,25,2021,21,1
2021-01-22,4712,434,4391,1062,100,1322,129,706,58,1290,122,330,29,2021,22,1
2021-01-23,3275,325,4362,664,76,908,95,462,53,996,82,245,21,2021,23,1
2021-01-24,2854,336,4353,491,77,890,101,381,50,914,91,178,20,2021,24,1
2021-01-25,5663,407,4499,1153,102,1716,111,814,64,1622,112,357,19,2021,25,1
2021-01-26,4699,370,4436,991,84,1372,101,687,53,1368,118,281,21,2021,26,1
2021-01-27,4781,426,4417,962,88,1454,134,706,57,1380,124,279,28,2021,27,1
2021-01-28,4677,392,4380,957,106,1411,114,691,52,1349,105,268,16,2021,28,1
2021-01-29,3669,411,4231,733,84,1100,130,529,69,1073,114,234,16,2021,29,1
2021-01-30,2870,269,4173,557,59,875,77,356,47,917,73,164,18,2021,30,1
2021-01-31,2894,310,4179,548,63,883,102,333,39,912,90,218,17,2021,31,1
2021-02-01,975,288,3509,169,84,344,84,185,41,233,70,44,13,2021,1,2
2021-02-02,2660,403,3218,434,90,873,142,442,60,769,97,142,18,2021,2,2
2021-02-03,5145,440,3270,1093,98,1505,148,823,71,1403,107,321,18,2021,3,2
2021-02-04,4853,431,3295,1069,87,1389,143,704,74,1406,121,285,14,2021,4,2
2021-02-05,4158,441,3365,953,102,1244,138,538,69,1181,114,242,20,2021,5,2
2021-02-06,3080,363,3395,719,82,900,96,389,67,892,97,180,22,2021,6,2
2021-02-07,1646,311,3217,324,84,567,104,203,39,453,75,99,10,2021,7,2
2021-02-08,4431,391,3710,971,98,1345,125,610,60,1238,93,267,19,2021,8,2
2021-02-09,3732,396,3864,874,96,1090,108,518,57,1005,112,245,26,2021,9,2
2021-02-10,3777,361,3668,868,85,1060,118,569,45,1007,93,273,22,2021,10,2
2021-02-11,3411,321,3462,724,67,931,111,549,51,978,85,228,15,2021,11,2
2021-02-12,3314,345,3342,726,79,934,107,494,48,928,89,231,24,2021,12,2
2021-02-13,2205,279,3217,420,70,671,73,276,42,703,88,135,9,2021,13,2
2021-02-14,1896,246,3252,371,59,586,84,245,34,580,57,114,14,2021,14,2
2021-02-15,2860,321,3028,527,71,860,96,366,49,872,89,234,16,2021,15,2
2021-02-16,3724,351,3027,789,80,1110,117,611,53,1024,93,190,12,2021,16,2
2021-02-17,3438,292,2978,772,64,1006,101,542,42,922,81,196,8,2021,17,2
2021-02-18,2048,261,2784,383,53,591,78,411,38,553,82,110,10,2021,18,2
2021-02-19,3019,304,2741,618,73,855,83,462,43,856,93,228,14,2021,19,2
2021-02-20,2494,296,2783,510,72,681,88,346,43,785,86,172,10,2021,20,2
2021-02-21,2285,270,2838,359,58,792,85,317,34,666,85,151,14,2021,21,2
2021-02-22,3613,350,2946,750,81,1112,118,540,54,983,85,228,13,2021,22,2
2021-02-23,3473,328,2910,731,70,1074,110,532,47,934,94,201,14,2021,23,2
2021-02-24,3464,355,2914,713,75,1023,107,568,50,943,118,217,10,2021,24,2
2021-02-25,3482,291,3119,715,70,1026,86,514,45,965,81,262,11,2021,25,2
2021-02-26,3240,328,3150,675,55,942,100,518,54,889,105,216,15,2021,26,2
2021-02-27,2017,244,3082,377,50,625,70,248,33,629,83,138,12,2021,27,2
2021-02-28,2038,244,3047,329,55,733,86,253,29,574,69,149,6,2021,28,2
2021-03-01,3726,324,3063,730,75,1174,87,531,49,1031,99,260,17,2021,1,3
2021-03-02,3110,273,3011,562,54,936,81,495,48,862,70,255,21,2021,2,3
2021-03-03,3242,305,2979,638,68,954,91,523,50,861,86,266,13,2021,3,3
2021-03-04,3121,298,2928,575,71,935,101,495,51,862,67,253,10,2021,4,3
2021-03-05,2888,257,2877,553,67,887,70,404,34,808,68,236,20,2021,5,3
2021-03-06,2043,243,2881,330,44,594,67,259,37,688,84,172,13,2021,6,3
2021-03-07,1875,246,2858,291,53,595,71,238,37,604,71,147,15,2021,7,3
2021-03-08,3402,294,2812,625,60,1109,73,490,52,919,94,259,22,2021,8,3
2021-03-09,3342,282,2845,581,64,1086,74,527,47,915,86,233,16,2021,9,3
2021-03-10,3201,281,2839,561,57,957,96,517,38,907,81,259,13,2021,10,3
2021-03-11,3106,294,2837,544,53,964,101,464,46,921,83,213,15,2021,11,3
2021-03-12,3203,293,2882,572,61,937,95,486,36,964,91,244,14,2021,12,3
2021-03-13,2176,221,2901,331,40,627,67,285,34,756,78,177,5,2021,13,3
2021-03-14,1924,252,2908,249,42,642,82,224,30,660,88,149,11,2021,14,3
2021-03-15,3392,293,2906,561,62,1063,83,450,36,1092,95,226,18,2021,15,3
2021-03-16,3196,250,2885,569,45,988,80,492,40,934,75,213,15,2021,16,3
2021-03-17,3173,277,2881,515,46,940,100,507,45,944,71,267,17,2021,17,3
2021-03-18,2918,306,2855,499,58,854,101,446,33,887,94,232,24,2021,18,3
2021-03-19,3049,259,2833,546,58,905,85,434,35,897,68,267,18,2021,19,3
2021-03-20,2159,262,2830,334,54,661,88,268,31,735,74,160,17,2021,20,3
2021-03-21,2089,271,2854,294,34,707,93,233,30,681,99,174,19,2021,21,3
2021-03-22,3881,329,2924,654,55,1215,99,578,48,1116,107,317,24,2021,22,3
2021-03-23,3249,282,2931,566,60,1025,92,467,33,939,84,252,16,2021,23,3
2021-03-24,3454,295,2971,580,63,1046,100,526,23,1014,91,288,23,2021,24,3
2021-03-25,3798,311,3097,637,53,1149,108,587,31,1130,98,295,25,2021,25,3
2021-03-26,3416,312,3149,567,62,1000,104,495,37,1045,85,309,27,2021,26,3
2021-03-27,2223,265,3159,363,55,633,88,270,34,742,78,215,14,2021,27,3
2021-03-28,1752,208,3110,254,36,575,61,224,19,547,76,152,16,2021,28,3
2021-03-29,3557,304,3064,626,55,1043,102,485,37,1092,93,311,20,2021,29,3
2021-03-30,3188,265,3055,593,61,941,84,472,35,936,66,246,20,2021,30,3
2021-03-31,3186,293,3017,508,49,960,106,517,26,940,91,261,22,2021,31,3
2021-04-01,2865,266,2884,501,51,861,102,446,36,830,65,227,14,2021,1,4
2021-04-02,2618,265,2770,360,32,846,90,380,35,811,92,221,19,2021,2,4
2021-04-03,2051,237,2745,313,46,639,78,233,28,665,75,201,12,2021,3,4
2021-04-04,1467,217,2705,192,42,497,68,180,22,456,72,142,13,2021,4,4
2021-04-05,3270,271,2664,505,48,1039,88,467,30,975,88,284,17,2021,5,4
2021-04-06,3001,230,2637,500,57,932,75,462,28,862,69,245,7,2021,6,4
2021-04-07,2762,221,2576,467,44,868,75,412,22,788,63,227,19,2021,7,4
2021-04-08,2574,220,2535,417,38,812,74,322,27,787,71,236,11,2021,8,4
2021-04-09,2468,205,2513,356,45,803,52,322,28,734,64,253,19,2021,9,4
2021-04-10,1723,194,2466,231,36,564,63,196,25,582,58,150,12,2021,10,4
2021-04-11,1315,161,2445,179,27,462,51,148,17,397,59,129,8,2021,11,4
2021-04-12,2533,202,2339,404,39,852,58,331,33,741,64,205,11,2021,12,4
2021-04-13,2363,207,2248,385,32,774,71,344,30,693,62,167,14,2021,13,4
2021-04-14,2241,196,2174,348,36,721,70,320,26,638,54,214,13,2021,14,4
2021-04-15,2016,220,2094,354,45,641,66,281,28,561,66,179,17,2021,15,4
2021-04-16,1834,198,2004,260,32,595,76,227,21,568,56,184,15,2021,16,4
2021-04-17,1275,166,1940,209,26,411,59,129,16,411,56,115,10,2021,17,4
2021-04-18,1056,166,1903,165,30,361,68,128,12,296,44,106,14,2021,18,4
2021-04-19,1882,177,1810,287,30,639,58,231,20,543,55,182,16,2021,19,4
2021-04-20,1604,155,1701,286,27,516,61,222,19,433,39,146,11,2021,20,4
2021-04-21,1416,117,1583,208,15,508,43,181,11,388,35,131,14,2021,21,4
2021-04-22,1360,162,1490,227,41,488,50,143,13,375,49,127,10,2021,22,4
2021-04-23,1288,153,1412,217,24,438,52,131,19,368,46,134,14,2021,23,4
2021-04-24,852,104,1351,123,22,308,31,87,12,255,31,79,9,2021,24,4
2021-04-25,757,120,1308,97,23,270,36,75,17,246,41,69,4,2021,25,4
2021-04-26,1371,146,1235,226,30,498,50,167,16,358,43,121,7,2021,26,4
2021-04-27,1138,117,1169,204,18,391,45,144,8,302,39,97,9,2021,27,4
2021-04-28,1215,128,1140,192,19,419,45,132,19,361,37,111,9,2021,28,4
2021-04-29,1056,117,1097,154,20,392,44,151,18,268,27,91,9,2021,29,4
2021-04-30,963,94,1050,173,17,328,33,106,11,276,30,80,3,2021,30,4
2021-05-01,578,77,1011,86,14,190,23,63,13,181,27,58,3,2021,1,5
2021-05-02,569,72,984,73,14,221,22,50,8,165,16,60,12,2021,2,5
2021-05-03,937,89,922,151,17,318,29,127,11,267,29,73,4,2021,3,5
2021-05-04,876,96,885,156,12,297,46,103,11,239,23,81,6,2021,4,5
2021-05-05,781,82,823,142,16,244,25,110,9,224,26,61,6,2021,5,5
2021-05-06,786,82,784,133,10,268,22,100,16,231,30,54,5,2021,6,5
2021-05-07,715,73,749,137,13,225,29,80,10,193,16,80,5,2021,7,5
2021-05-08,385,63,721,61,11,122,25,41,11,123,16,38,2,2021,8,5
2021-05-09,343,62,689,53,9,106,18,48,9,110,25,26,1,2021,9,5
2021-05-10,654,71,649,130,18,207,18,89,9,178,24,50,2,2021,10,5
2021-05-11,628,71,613,90,15,216,19,70,8,188,24,64,5,2021,11,5
2021-05-12,594,63,586,109,9,196,25,68,11,155,14,66,5,2021,12,5
2021-05-13,516,66,548,93,12,147,22,75,8,151,22,49,4,2021,13,5
2021-05-14,486,69,515,77,17,145,14,58,10,160,24,46,5,2021,14,5
2021-05-15,292,41,502,46,7,94,21,33,2,99,8,20,4,2021,15,5
2021-05-16,280,41,493,48,3,99,20,31,4,84,14,18,1,2021,16,5
2021-05-17,453,72,464,79,11,151,22,72,10,114,24,37,5,2021,17,5
2021-05-18,415,53,434,71,10,138,16,60,7,102,19,44,2,2021,18,5
2021-05-19,377,58,403,74,14,129,21,41,8,106,13,27,3,2021,19,5
2021-05-20,395,66,385,67,12,133,31,51,7,111,13,33,3,2021,20,5
2021-05-21,349,51,366,54,11,115,10,48,9,105,15,27,6,2021,21,5
2021-05-22,233,36,357,35,6,81,13,28,5,68,13,21,2,2021,22,5
2021-05-23,187,46,344,29,4,63,19,17,6,55,13,23,4,2021,23,5
2021-05-24,355,36,330,57,8,105,9,51,4,95,14,47,1,2021,24,5
2021-05-25,305,42,314,48,3,101,19,37,5,82,16,37,0,2021,25,5
2021-05-26,249,33,296,44,4,81,12,40,3,74,10,10,4,2021,26,5
2021-05-27,257,45,276,56,11,62,11,39,10,67,12,33,3,2021,27,5
2021-05-28,210,35,257,36,7,67,16,23,5,66,6,18,1,2021,28,5
2021-05-29,126,25,241,22,6,32,4,23,4,40,11,9,0,2021,29,5
2021-05-30,119,27,232,25,4,34,14,16,5,30,3,14,1,2021,30,5
2021-05-31,118,19,198,15,8,35,2,20,3,38,6,10,1,2021,31,5
2021-06-01,288,33,195,71,5,59,14,52,4,76,10,30,2,2021,1,6
2021-06-02,244,44,195,52,6,70,15,33,4,68,14,21,5,2021,2,6
2021-06-03,206,30,187,45,0,62,15,24,3,61,10,14,2,2021,3,6
2021-06-04,224,25,189,57,6,65,10,34,4,43,3,25,2,2021,4,6
2021-06-05,142,17,192,41,3,44,4,16,3,29,4,12,3,2021,5,6
2021-06-06,130,25,193,24,8,35,9,23,2,33,4,15,2,2021,6,6
2021-06-07,219,32,208,57,8,64,12,32,1,47,8,19,3,2021,7,6
2021-06-08,176,37,192,38,11,55,7,27,7,39,10,17,2,2021,8,6
2021-06-09,211,24,187,56,9,58,9,40,1,40,4,17,1,2021,9,6
2021-06-10,156,25,180,33,6,46,8,30,3,35,6,12,2,2021,10,6
2021-06-11,188,25,175,40,6,43,6,38,5,52,6,15,2,2021,11,6
2021-06-12,121,21,172,25,6,28,4,14,3,39,6,15,2,2021,12,6
2021-06-13,116,31,170,18,4,36,13,19,2,31,10,12,3,2021,13,6
2021-06-14,181,25,164,38,6,53,12,29,2,49,5,12,1,2021,14,6
2021-06-15,180,25,165,30,8,38,8,36,1,57,4,19,4,2021,15,6
2021-06-16,174,23,159,29,6,47,5,31,5,41,7,26,2,2021,16,6
2021-06-17,188,30,164,36,10,52,9,26,2,51,8,23,1,2021,17,6
2021-06-18,160,19,160,19,2,59,7,15,4,47,5,20,1,2021,18,6
2021-06-19,107,13,158,18,4,29,2,22,1,24,3,14,3,2021,19,6
2021-06-20,97,26,155,15,4,33,10,14,2,26,8,9,2,2021,20,6
2021-06-21,169,29,154,27,7,41,9,25,4,50,5,26,5,2021,21,6
2021-06-22,171,34,152,22,3,50,7,33,3,49,14,17,7,2021,22,6
2021-06-23,188,24,154,28,3,48,11,39,3,48,6,24,1,2021,23,6
2021-06-24,175,14,152,18,1,51,8,30,1,47,2,29,2,2021,24,6
2021-06-25,180,18,155,12,4,61,8,28,2,55,4,24,0,2021,25,6
2021-06-26,118,18,157,11,4,37,7,15,2,31,2,24,3,2021,26,6
2021-06-27,110,23,159,17,3,29,7,19,3,23,10,22,0,2021,27,6
2021-06-28,206,26,164,29,3,49,8,45,5,53,8,30,3,2021,28,6
2021-06-29,213,23,170,32,1,52,8,43,6,51,8,35,0,2021,29,6
2021-06-30,225,21,175,30,3,74,7,43,4,51,6,27,1,2021,30,6
2021-07-01,205,31,180,27,3,63,10,29,3,53,7,33,8,2021,1,7
2021-07-02,232,36,187,32,7,60,13,61,5,58,8,21,5,2021,2,7
2021-07-03,146,21,191,18,3,41,5,29,5,33,5,25,4,2021,3,7
2021-07-04,124,24,193,14,1,32,9,25,5,34,8,19,2,2021,4,7
2021-07-05,187,15,190,20,3,62,5,32,3,53,4,20,1,2021,5,7
2021-07-06,361,24,211,47,3,125,8,77,3,80,5,32,5,2021,6,7
2021-07-07,400,23,236,49,2,146,9,73,3,88,7,44,2,2021,7,7
2021-07-08,367,25,260,50,5,110,9,80,3,81,5,46,3,2021,8,7
2021-07-09,370,37,279,56,5,110,8,84,8,88,14,32,2,2021,9,7
2021-07-10,238,20,292,37,2,63,6,49,3,59,9,30,0,2021,10,7
2021-07-11,267,27,313,32,8,79,6,53,2,78,11,25,1,2021,11,7
2021-07-12,475,25,354,69,7,176,10,86,2,109,6,35,0,2021,12,7
2021-07-13,459,26,368,43,6,152,7,103,3,97,8,64,3,2021,13,7
2021-07-14,547,47,389,59,11,184,13,144,7,114,15,46,2,2021,14,7
2021-07-15,553,28,416,70,2,172,9,128,6,129,9,54,2,2021,15,7
2021-07-16,556,37,442,73,7,184,17,121,3,117,10,61,1,2021,16,7
2021-07-17,340,37,457,59,11,109,8,60,5,77,9,35,6,2021,17,7
2021-07-18,393,38,475,36,6,141,19,83,4,104,6,29,4,2021,18,7
2021-07-19,811,53,523,110,9,276,19,176,8,171,16,78,3,2021,19,7
2021-07-20,706,53,558,94,7,230,21,162,8,146,14,74,4,2021,20,7
2021-07-21,893,47,607,128,10,306,13,198,6,198,15,63,5,2021,21,7
2021-07-22,972,52,667,136,15,326,17,227,6,195,11,88,4,2021,22,7
2021-07-23,917,51,719,127,9,319,18,200,6,215,15,55,5,2021,23,7
2021-07-24,552,42,749,58,5,188,14,111,7,141,11,54,5,2021,24,7
2021-07-25,635,41,784,68,8,212,10,119,7,169,12,67,4,2021,25,7
2021-07-26,1225,62,843,155,8,422,21,261,12,273,18,114,4,2021,26,7
2021-07-27,1199,72,913,141,16,406,23,254,7,295,19,103,7,2021,27,7
2021-07-28,1242,76,963,188,13,384,15,276,14,286,32,108,3,2021,28,7
2021-07-29,1289,76,1008,174,11,444,21,234,14,318,18,119,13,2021,29,7
2021-07-30,1280,80,1060,160,18,428,20,251,11,318,28,123,3,2021,30,7
2021-07-31,850,70,1103,126,8,263,29,152,7,214,20,95,7,2021,31,7
2021-08-01,830,48,1131,92,10,294,17,151,5,220,15,73,3,2021,1,8
2021-08-02,1567,75,1180,237,9,517,26,303,9,388,26,122,6,2021,2,8
2021-08-03,1582,99,1234,231,18,489,28,345,10,365,31,152,13,2021,3,8
2021-08-04,1607,89,1286,214,12,519,39,329,9,380,18,165,13,2021,4,8
2021-08-05,1527,89,1320,208,20,518,23,322,19,365,25,114,3,2021,5,8
2021-08-06,1576,115,1363,211,20,520,40,285,17,419,28,141,11,2021,6,8
2021-08-07,1150,87,1406,179,18,373,28,179,12,294,21,125,8,2021,7,8
2021-08-08,1071,99,1440,155,19,321,25,162,16,301,29,131,10,2021,8,8
2021-08-09,1890,131,1486,289,29,625,46,308,16,495,41,172,0,2021,9,8
2021-08-10,1665,119,1498,265,36,535,34,306,16,407,29,152,6,2021,10,8
2021-08-11,1753,138,1519,262,29,546,40,354,12,439,38,151,19,2021,11,8
2021-08-12,1758,125,1552,232,22,578,38,324,20,451,32,172,15,2021,12,8
2021-08-13,1600,140,1555,266,30,499,48,294,16,394,40,145,7,2021,13,8
2021-08-14,1048,94,1541,145,18,348,30,206,12,253,20,96,16,2021,14,8
2021-08-15,1143,113,1551,140,15,420,42,198,24,304,25,81,8,2021,15,8
2021-08-16,1928,131,1556,328,27,626,45,352,15,479,42,143,7,2021,16,8
2021-08-17,1744,136,1568,296,32,595,41,301,17,418,35,133,13,2021,17,8
2021-08-18,1813,111,1576,273,24,555,36,362,16,460,24,162,12,2021,18,8
2021-08-19,1690,99,1567,264,20,543,30,325,13,419,25,136,10,2021,19,8
2021-08-20,1562,123,1561,285,36,505,34,296,18,349,25,125,11,2021,20,8
2021-08-21,1091,116,1567,180,26,338,34,183,19,272,33,118,4,2021,21,8
2021-08-22,719,107,1507,104,23,276,33,99,17,156,28,84,7,2021,22,8
2021-08-23,1951,120,1510,289,34,642,32,367,19,492,29,161,7,2021,23,8
2021-08-24,1833,108,1523,299,18,612,39,349,15,405,32,168,5,2021,24,8
2021-08-25,1784,111,1519,286,27,570,32,372,20,385,31,170,4,2021,25,8
2021-08-26,1643,104,1512,252,25,526,34,325,11,389,31,150,8,2021,26,8
2021-08-27,1449,109,1496,242,27,461,36,266,14,347,25,133,9,2021,27,8
2021-08-28,985,84,1481,172,13,297,26,152,14,252,30,112,3,2021,28,8
2021-08-29,989,92,1519,138,25,342,29,161,11,257,22,91,8,2021,29,8
2021-08-30,1836,122,1503,304,33,583,38,374,13,392,32,182,8,2021,30,8
2021-08-31,1622,124,1473,259,31,530,35,305,25,326,24,202,12,2021,31,8
2021-09-01,1558,130,1440,224,30,487,34,347,23,360,37,140,9,2021,1,9
2021-09-02,1431,93,1410,211,31,478,23,264,6,304,24,174,11,2021,2,9
2021-09-03,1421,78,1406,216,17,429,26,248,11,330,22,197,4,2021,3,9
2021-09-04,905,108,1395,126,22,255,37,154,13,260,32,110,6,2021,4,9
2021-09-05,951,76,1389,137,16,333,25,157,10,214,18,110,7,2021,5,9
2021-09-06,947,77,1262,164,18,275,25,181,11,229,21,98,6,2021,6,9
2021-09-07,1568,113,1254,285,19,433,34,307,26,370,27,171,7,2021,7,9
2021-09-08,1589,99,1259,234,22,464,30,370,21,389,25,132,3,2021,8,9
2021-09-09,1713,101,1299,241,38,630,27,313,12,400,19,129,8,2021,9,9
2021-09-10,1545,99,1317,232,26,503,30,302,11,377,27,131,6,2021,10,9
2021-09-11,1036,85,1336,139,14,335,29,169,12,288,22,104,8,2021,11,9
2021-09-12,1213,88,1373,127,14,504,30,222,14,258,26,102,6,2021,12,9
2021-09-13,1737,104,1486,223,15,633,35,370,24,389,21,122,9,2021,13,9
2021-09-14,1639,82,1496,201,12,608,31,310,20,372,16,147,6,2021,14,9
2021-09-15,1610,96,1499,232,13,550,36,320,7,353,30,152,11,2021,15,9
2021-09-16,1384,85,1452,191,21,451,22,284,11,321,27,135,7,2021,16,9
2021-09-17,1525,90,1449,174,13,560,29,322,19,365,26,104,5,2021,17,9
2021-09-18,956,87,1438,107,17,357,30,138,17,264,22,89,3,2021,18,9
2021-09-19,1057,71,1415,140,8,464,26,161,13,213,15,79,9,2021,19,9
2021-09-20,1638,100,1401,244,26,545,29,295,19,403,19,150,8,2021,20,9
2021-09-21,1302,87,1353,202,18,397,26,283,14,324,24,95,5,2021,21,9
2021-09-22,1416,97,1325,205,19,509,35,280,14,307,24,112,5,2021,22,9
2021-09-23,1288,101,1312,139,16,513,44,222,11,324,21,89,9,2021,23,9
2021-09-24,1223,82,1269,156,10,453,35,238,13,294,24,80,2,2021,24,9
2021-09-25,815,68,1248,100,15,310,25,131,4,191,21,82,4,2021,25,9
2021-09-26,857,56,1220,98,10,333,21,139,7,201,14,86,4,2021,26,9
2021-09-27,1391,75,1185,185,17,518,29,254,7,323,20,110,4,2021,27,9
2021-09-28,1118,66,1158,158,11,355,20,211,10,296,22,97,6,2021,28,9
2021-09-29,1095,64,1112,150,16,368,24,211,8,269,13,96,4,2021,29,9
2021-09-30,1139,64,1091,151,13,455,22,200,7,240,17,92,6,2021,30,9
2021-10-01,1083,82,1071,132,17,407,29,213,9,255,31,76,2,2021,1,10
2021-10-02,680,64,1052,74,18,280,18,122,6,156,21,48,4,2021,2,10
2021-10-03,905,63,1059,66,11,458,28,94,10,217,16,69,2,2021,3,10
2021-10-04,1269,78,1041,158,16,511,30,219,10,293,19,88,3,2021,4,10
2021-10-05,1269,71,1063,168,10,505,29,224,14,267,14,105,4,2021,5,10
2021-10-06,1145,63,1070,138,13,486,13,217,11,230,23,74,7,2021,6,10
2021-10-07,1077,62,1061,121,15,406,13,181,8,271,20,98,6,2021,7,10
2021-10-08,1011,46,1051,126,8,451,15,167,11,190,11,77,3,2021,8,10
2021-10-09,612,69,1041,67,14,250,26,95,10,145,15,55,4,2021,9,10
2021-10-10,688,51,1010,62,11,308,20,94,7,151,7,72,7,2021,10,10
2021-10-11,933,56,962,107,9,363,17,173,10,223,15,67,5,2021,11,10
2021-10-12,1141,49,944,127,7,462,15,201,9,239,18,112,4,2021,12,10
2021-10-13,1108,73,939,120,14,409,27,228,14,237,14,114,8,2021,13,10
2021-10-14,1023,49,931,108,11,426,12,174,8,204,17,111,2,2021,14,10
2021-10-15,883,60,913,111,11,322,12,162,13,207,20,81,4,2021,15,10
2021-10-16,487,56,895,55,10,193,20,55,5,137,16,47,6,2021,16,10
2021-10-17,588,47,880,49,2,260,29,81,7,132,9,66,2,2021,17,10
2021-10-18,868,58,871,108,10,363,20,141,2,176,18,80,9,2021,18,10
2021-10-19,796,50,822,93,12,313,17,135,8,172,10,83,3,2021,19,10
2021-10-20,801,53,778,99,9,295,19,156,9,176,9,75,7,2021,20,10
2021-10-21,809,49,747,85,6,341,18,131,3,165,17,87,6,2021,21,10
2021-10-22,693,47,720,86,12,261,19,131,4,138,10,76,3,2021,22,10
2021-10-23,450,41,715,55,7,162,16,93,5,79,9,61,6,2021,23,10
2021-10-24,443,45,694,37,8,198,16,66,7,84,9,57,5,2021,24,10
2021-10-25,894,35,698,94,5,363,13,168,4,186,11,82,2,2021,25,10
2021-10-26,597,42,670,64,6,238,19,101,4,125,8,69,5,2021,26,10
2021-10-27,758,48,663,100,8,288,17,146,8,153,13,71,2,2021,27,10
2021-10-28,737,38,653,82,9,311,11,122,10,145,7,77,1,2021,28,10
2021-10-29,641,30,646,87,6,230,8,123,6,145,8,56,3,2021,29,10
2021-10-30,399,28,638,40,6,158,12,61,1,101,5,39,4,2021,30,10
2021-10-31,446,30,639,47,5,199,8,59,7,109,8,32,3,2021,31,10
2021-11-01,780,39,623,74,7,313,12,141,4,195,13,57,4,2021,1,11
2021-11-02,805,50,652,78,10,302,19,173,4,191,10,60,7,2021,2,11
2021-11-03,825,53,662,75,12,300,24,181,5,202,9,66,4,2021,3,11
2021-11-04,907,39,686,108,6,350,14,209,4,186,14,53,3,2021,4,11
2021-11-05,769,34,704,91,9,290,13,148,4,186,5,54,4,2021,5,11
2021-11-06,505,38,720,57,11,198,14,74,4,133,7,42,3,2021,6,11
2021-11-07,544,35,734,46,4,205,16,104,2,137,10,52,5,2021,7,11
2021-11-08,1134,45,784,140,14,400,16,230,2,270,8,93,6,2021,8,11
2021-11-09,1036,34,817,100,5,358,8,244,5,244,11,90,6,2021,9,11
2021-11-10,1045,45,849,122,12,363,15,237,4,255,12,67,2,2021,10,11
2021-11-11,875,48,844,90,9,345,22,168,3,225,12,46,3,2021,11,11
2021-11-12,1027,39,881,109,8,373,15,200,6,256,11,89,0,2021,12,11
2021-11-13,615,41,897,65,5,241,18,105,4,154,10,50,6,2021,13,11
2021-11-14,688,38,917,47,3,257,17,142,4,170,11,71,5,2021,14,11
2021-11-15,1263,48,936,135,8,428,9,254,11,320,16,126,4,2021,15,11
2021-11-16,1270,40,969,151,7,430,8,285,7,301,13,101,6,2021,16,11
2021-11-17,1326,53,1009,163,12,432,18,282,10,350,11,99,4,2021,17,11
2021-11-18,1299,51,1070,172,13,428,19,296,2,308,15,95,3,2021,18,11
2021-11-19,1185,48,1092,114,4,354,18,268,5,330,20,119,3,2021,19,11
2021-11-20,826,47,1122,71,8,279,17,143,6,253,13,80,3,2021,20,11
2021-11-21,840,41,1144,75,4,292,14,149,8,233,13,91,3,2021,21,11
2021-11-22,1529,56,1182,152,12,519,16,297,6,413,17,148,5,2021,22,11
2021-11-23,1376,61,1197,143,9,481,21,285,4,355,19,111,10,2021,23,11
2021-11-24,1417,65,1210,160,16,460,16,255,11,387,15,155,8,2021,24,11
2021-11-25,532,65,1101,35,10,189,25,104,4,148,23,56,3,2021,25,11
2021-11-26,1172,75,1099,142,15,364,19,198,10,353,23,114,9,2021,26,11
2021-11-27,970,62,1119,100,7,301,21,157,13,306,18,105,5,2021,27,11
2021-11-28,1065,55,1152,89,9,321,16,192,5,334,23,128,5,2021,28,11
2021-11-29,2339,80,1267,286,13,664,28,461,10,687,22,238,8,2021,29,11
2021-11-30,2002,88,1357,277,19,576,22,394,11,574,33,179,6,2021,30,11
2021-12-01,2188,89,1467,280,15,703,30,400,18,585,25,220,4,2021,1,12
2021-12-02,2101,86,1691,305,16,629,30,397,14,556,21,213,8,2021,2,12
2021-12-03,1901,105,1795,242,23,582,25,318,17,557,35,201,8,2021,3,12
2021-12-04,1324,84,1846,174,17,383,29,186,14,412,21,169,4,2021,4,12
2021-12-05,1405,102,1894,122,17,464,31,238,16,418,30,162,9,2021,5,12
2021-12-06,2793,133,1959,363,22,847,53,580,15,749,37,252,6,2021,6,12
2021-12-07,2919,131,2090,333,30,898,36,674,16,742,42,268,9,2021,7,12
2021-12-08,3135,137,2225,339,27,980,48,806,20,740,44,263,6,2021,8,12
2021-12-09,3023,133,2357,354,32,914,38,736,16,745,41,268,7,2021,9,12
2021-12-10,3088,165,2527,346,45,983,47,729,26,776,40,253,15,2021,10,12
2021-12-11,2159,127,2646,267,29,620,42,483,15,592,34,192,10,2021,11,12
2021-12-12,2793,135,2844,257,28,868,44,790,16,662,39,212,10,2021,12,12
2021-12-13,7513,191,3519,744,37,2388,56,2360,36,1575,52,441,13,2021,13,12
2021-12-14,10857,194,4653,923,39,3416,63,4075,38,1941,51,498,9,2021,14,12
2021-12-15,13166,220,6086,1092,54,4124,71,4934,36,2405,49,607,13,2021,15,12
2021-12-16,13828,314,7629,1324,94,4507,95,4773,56,2612,66,609,15,2021,16,12
2021-12-17,13520,289,9119,1513,77,4269,75,4263,54,2760,71,711,18,2021,17,12
2021-12-18,9928,280,10229,1060,56,3239,94,2683,44,2327,64,613,22,2021,18,12
2021-12-19,10538,324,11336,1068,85,3428,101,2708,54,2629,71,695,18,2021,19,12
2021-12-20,27900,408,14248,3645,81,8910,144,7891,77,5985,91,1452,24,2021,20,12
2021-12-21,30330,431,17030,4587,103,9410,132,7054,73,7446,107,1820,19,2021,21,12
2021-12-22,31293,668,19620,5500,184,9407,189,6279,114,8137,161,1964,25,2021,22,12
2021-12-23,31743,661,22179,5361,184,9584,204,6301,117,8535,136,1952,29,2021,23,12
2021-12-24,17418,566,22736,2927,141,5580,201,3050,81,4854,129,1002,19,2021,24,12
2021-12-25,7778,603,22429,1412,142,2342,201,1399,113,2162,136,459,23,2021,25,12
2021-12-26,22870,733,24190,3715,179,7183,254,3562,111,6544,161,1862,33,2021,26,12
2021-12-27,50938,962,27481,9756,274,14931,320,8399,148,14148,190,3697,37,2021,27,12
2021-12-28,49132,830,30167,9738,204,13955,259,7896,150,14251,184,3282,41,2021,28,12
2021-12-29,50128,913,32858,10083,263,14198,283,7676,132,14617,196,3541,52,2021,29,12
2021-12-30,47027,1013,35042,9291,302,13351,321,7434,159,13866,190,3074,52,2021,30,12
2021-12-31,29001,807,36696,5132,172,8706,288,4541,139,8932,174,1685,39,2021,31,12
2022-01-01,12014,856,37301,1986,211,3520,255,1915,156,3721,192,870,50,2022,1,1
2022-01-02,32376,1291,38659,4906,360,10094,368,5054,218,9847,303,2466,60,2022,2,1
2022-01-03,54696,1113,39196,10517,359,16504,309,9067,185,15178,247,3410,26,2022,3,1
2022-01-04,48438,990,39097,10006,327,13713,265,8435,142,13332,214,2945,50,2022,4,1
2022-01-05,39662,1095,37602,7806,295,10979,349,6940,169,11412,243,2522,54,2022,5,1
2022-01-06,35997,935,36026,6933,279,10330,259,6233,158,10407,203,2084,42,2022,6,1
2022-01-07,23037,804,35174,4196,213,6793,253,4309,135,6427,174,1308,37,2022,7,1
2022-01-08,16128,763,35762,2692,208,4809,224,2519,129,5007,163,1099,43,2022,8,1
2022-01-09,14304,713,33180,1828,164,4698,218,2101,128,4556,163,1119,41,2022,9,1
2022-01-10,24147,906,28816,4313,264,7250,240,3958,153,7083,201,1539,54,2022,10,1
2022-01-11,17931,753,24458,3225,194,5335,238,2723,123,5370,167,1274,43,2022,11,1
2022-01-12,18210,740,21393,2957,166,5606,228,3170,119,5367,195,1107,40,2022,12,1
2022-01-13,15741,702,18500,2499,162,5001,200,2522,120,4756,188,960,42,2022,13,1
2022-01-14,13248,668,17101,2202,179,4092,198,2321,108,3831,163,798,28,2022,14,1
2022-01-15,6644,490,15746,874,115,2165,162,969,68,2100,113,536,39,2022,15,1
2022-01-16,6733,427,14665,788,100,2333,125,1169,62,1991,110,452,33,2022,16,1
2022-01-17,9547,529,12579,1169,103,3322,164,1632,78,2742,137,679,49,2022,17,1
2022-01-18,10762,484,11555,1617,132,3471,135,2057,83,2916,121,699,18,2022,18,1
2022-01-19,8878,416,10222,1246,107,2918,120,1729,64,2427,95,556,31,2022,19,1
2022-01-20,6804,454,8945,928,99,2219,148,1396,86,1818,101,443,24,2022,20,1
2022-01-21,5617,367,7855,734,102,1734,126,1132,67,1641,65,375,15,2022,21,1
2022-01-22,3509,289,7407,443,82,1153,81,510,41,1134,72,269,16,2022,22,1
2022-01-23,3289,260,6915,346,58,1167,81,591,39,970,68,215,16,2022,23,1
2022-01-24,5666,337,6361,761,113,1876,93,1166,59,1473,61,387,13,2022,24,1
2022-01-25,4732,326,5499,571,86,1600,112,980,37,1256,68,324,24,2022,25,1
2022-01-26,4119,264,4819,510,63,1423,81,871,39,1063,63,250,19,2022,26,1
2022-01-27,3544,269,4354,437,56,1182,88,747,44,914,54,262,30,2022,27,1
2022-01-28,2708,208,3938,303,45,891,58,556,42,760,48,198,16,2022,28,1
2022-01-29,501,134,3508,64,21,141,49,141,20,126,36,29,10,2022,29,1
2022-01-30,1425,137,3242,136,18,491,50,314,17,367,37,117,16,2022,30,1
2022-01-31,3111,194,2877,638,55,903,67,635,20,713,42,222,13,2022,31,1
2022-02-01,2210,162,2517,270,28,751,55,518,20,524,48,146,13,2022,1,2
2022-02-02,2326,148,2261,264,34,836,46,515,14,544,46,159,9,2022,2,2
2022-02-03,1991,124,2039,251,31,745,49,415,15,461,22,119,10,2022,3,2
2022-02-04,1517,115,1869,173,21,492,39,319,21,416,27,117,8,2022,4,2
2022-02-05,929,100,1930,120,29,297,30,188,16,254,19,70,7,2022,5,2
2022-02-06,862,77,1849,71,16,260,18,214,14,239,23,78,7,2022,6,2
